# Ревизия фото у карточек клубов, стадионов и прозвищ — прогон 04.09.2026.
#
# Прежняя версия ревизии предложила на этих же данных 45 замен, и применять
# было нельзя НИ ОДНОЙ: она заменяла эмблемы ESPN на картинки Википедии и
# подставляла клубам фотографии стадионов. Переписанная требует УЛИКИ —
# совпадения картинки карточки с картинкой статьи, отвергнутой P31-гардом.
#
# Итог: FIX 0, SUSPECT 1, KEEP 117, пропущено с эмблемой ESPN 195.
#
# ⚠️ SUSPECT НЕ ПРИМЕНЯЕТСЯ. «Дюделанж» несёт фотографию улицы из статьи о
# ГОРОДЕ Дюделанж (класс «Астана с фото города»), но заменить нечем:
# у клуба dudelange crest_url пуст, а ESPN Люксембург не покрывает —
# в собранных 1814 командах его нет. Герб придётся взять руками или из
# другого источника; выдумывать замену нельзя.
SUSPECT	6ed65bb9-70dd-4580-8d6f-f403a78fe13b	Дюделанж	club	Rue_du_Chemin_de_Fer%2C_Diddeleng-101.jpg?widt		—	Дюделанж
